[ {
  "date" : "20150103",
  "summary" : [ {
    "activity" : "walking",
    "group" : "walking",
    "duration" : 5315.0,
    "distance" : 5855.0,
    "steps" : 7361,
    "calories" : 353
  }, {
    "activity" : "transport",
    "group" : "transport",
    "duration" : 529.0,
    "distance" : 2914.0
  } ],
  "segments" : [ {
    "type" : "place",
    "startTime" : "20150102T205701+0100",
    "endTime" : "20150103T115852+0100",
    "place" : {
      "id" : 126764605,
      "name" : "Home",
      "type" : "home",
      "location" : {
        "lat" : 52.2629449641,
        "lon" : 20.9790323638
      }
    },
    "activities" : [ {
      "activity" : "walking",
      "group" : "walking",
      "manual" : false,
      "startTime" : "20150103T001511+0100",
      "endTime" : "20150103T001541+0100",
      "duration" : 30.0,
      "distance" : 15.0,
      "steps" : 20,
      "calories" : 1,
      "trackPoints" : [ ]
    }, {
      "activity" : "walking",
      "group" : "walking",
      "manual" : false,
      "startTime" : "20150103T084931+0100",
      "endTime" : "20150103T085501+0100",
      "duration" : 330.0,
      "distance" : 283.0,
      "steps" : 377,
      "calories" : 17,
      "trackPoints" : [ ]
    }, {
      "activity" : "walking",
      "group" : "walking",
      "manual" : false,
      "startTime" : "20150103T090432+0100",
      "endTime" : "20150103T090532+0100",
      "duration" : 60.0,
      "distance" : 46.0,
      "steps" : 91,
      "calories" : 3,
      "trackPoints" : [ ]
    }, {
      "activity" : "walking",
      "group" : "walking",
      "manual" : false,
      "startTime" : "20150103T101307+0100",
      "endTime" : "20150103T101939+0100",
      "duration" : 392.0,
      "distance" : 377.0,
      "steps" : 502,
      "calories" : 23,
      "trackPoints" : [ ]
    }, {
      "activity" : "walking",
      "group" : "walking",
      "manual" : false,
      "startTime" : "20150103T111804+0100",
      "endTime" : "20150103T112204+0100",
      "duration" : 240.0,
      "distance" : 183.0,
      "steps" : 244,
      "calories" : 11,
      "trackPoints" : [ ]
    } ],
    "lastUpdate" : "20150103T122627Z"
  }, {
    "type" : "move",
    "startTime" : "20150103T115852+0100",
    "endTime" : "20150103T121306+0100",
    "activities" : [ {
      "activity" : "walking",
      "group" : "walking",
      "manual" : false,
      "startTime" : "20150103T115852+0100",
      "endTime" : "20150103T121307+0100",
      "duration" : 855.0,
      "distance" : 1094.0,
      "steps" : 1461,
      "calories" : 66,
      "trackPoints" : [ {
        "lat" : 52.2629449641,
        "lon" : 20.9790323638,
        "time" : "20150103T115852+0100"
      }, {
        "lat" : 52.2629466385,
        "lon" : 20.9793244558,
        "time" : "20150103T115916+0100"
      }, {
        "lat" : 52.2629856306,
        "lon" : 20.9793045543,
        "time" : "20150103T115938+0100"
      }, {
        "lat" : 52.2629576746,
        "lon" : 20.9793209433,
        "time" : "20150103T115959+0100"
      }, {
        "lat" : 52.2629576615,
        "lon" : 20.9793209509,
        "time" : "20150103T120000+0100"
      }, {
        "lat" : 52.2629557561,
        "lon" : 20.9793220679,
        "time" : "20150103T120001+0100"
      }, {
        "lat" : 52.262776972,
        "lon" : 20.9796947999,
        "time" : "20150103T120049+0100"
      }, {
        "lat" : 52.2628269307,
        "lon" : 20.9797472668,
        "time" : "20150103T120108+0100"
      }, {
        "lat" : 52.262904734,
        "lon" : 20.9802915324,
        "time" : "20150103T120157+0100"
      }, {
        "lat" : 52.2629425648,
        "lon" : 20.9805643146,
        "time" : "20150103T120214+0100"
      }, {
        "lat" : 52.2630853652,
        "lon" : 20.9811100408,
        "time" : "20150103T120252+0100"
      }, {
        "lat" : 52.2631798745,
        "lon" : 20.9814309976,
        "time" : "20150103T120315+0100"
      }, {
        "lat" : 52.2633134485,
        "lon" : 20.9820444466,
        "time" : "20150103T120339+0100"
      }, {
        "lat" : 52.2634663276,
        "lon" : 20.9825552866,
        "time" : "20150103T120358+0100"
      }, {
        "lat" : 52.263583985,
        "lon" : 20.9827930244,
        "time" : "20150103T120414+0100"
      }, {
        "lat" : 52.2635731723,
        "lon" : 20.9834368839,
        "time" : "20150103T120437+0100"
      }, {
        "lat" : 52.2635456505,
        "lon" : 20.983969912,
        "time" : "20150103T120500+0100"
      }, {
        "lat" : 52.2635360634,
        "lon" : 20.9844120663,
        "time" : "20150103T120523+0100"
      }, {
        "lat" : 52.2635496497,
        "lon" : 20.9846637415,
        "time" : "20150103T120539+0100"
      }, {
        "lat" : 52.2635826043,
        "lon" : 20.9850994918,
        "time" : "20150103T120600+0100"
      }, {
        "lat" : 52.2636415098,
        "lon" : 20.9860252581,
        "time" : "20150103T120634+0100"
      }, {
        "lat" : 52.2637223514,
        "lon" : 20.9863971714,
        "time" : "20150103T120657+0100"
      }, {
        "lat" : 52.2638802998,
        "lon" : 20.9867260276,
        "time" : "20150103T120718+0100"
      }, {
        "lat" : 52.2640376176,
        "lon" : 20.9870584995,
        "time" : "20150103T120737+0100"
      }, {
        "lat" : 52.2639512835,
        "lon" : 20.9872270608,
        "time" : "20150103T120753+0100"
      }, {
        "lat" : 52.2636997582,
        "lon" : 20.9873656606,
        "time" : "20150103T120815+0100"
      }, {
        "lat" : 52.2636281356,
        "lon" : 20.9876810047,
        "time" : "20150103T120838+0100"
      }, {
        "lat" : 52.2637318681,
        "lon" : 20.988093078,
        "time" : "20150103T120901+0100"
      }, {
        "lat" : 52.2638522651,
        "lon" : 20.9886818521,
        "time" : "20150103T120924+0100"
      }, {
        "lat" : 52.2639180025,
        "lon" : 20.9892035882,
        "time" : "20150103T120948+0100"
      }, {
        "lat" : 52.2638963957,
        "lon" : 20.9895360495,
        "time" : "20150103T121010+0100"
      }, {
        "lat" : 52.2636640076,
        "lon" : 20.9900579909,
        "time" : "20150103T121035+0100"
      }, {
        "lat" : 52.2633303071,
        "lon" : 20.9904477998,
        "time" : "20150103T121100+0100"
      }, {
        "lat" : 52.2631165446,
        "lon" : 20.9905891059,
        "time" : "20150103T121128+0100"
      }, {
        "lat" : 52.2629624174,
        "lon" : 20.9907310801,
        "time" : "20150103T121144+0100"
      }, {
        "lat" : 52.2629671616,
        "lon" : 20.9911875753,
        "time" : "20150103T121206+0100"
      }, {
        "lat" : 52.2629082548,
        "lon" : 20.9916314719,
        "time" : "20150103T121230+0100"
      }, {
        "lat" : 52.2626412633,
        "lon" : 20.9919944962,
        "time" : "20150103T121306+0100"
      } ]
    } ],
    "lastUpdate" : "20150103T122627Z"
  }, {
    "type" : "place",
    "startTime" : "20150103T121306+0100",
    "endTime" : "20150103T133421+0100",
    "place" : {
      "id" : 138198969,
      "name" : "Fawory",
      "type" : "foursquare",
      "foursquareId" : "4fb0dd17e4b078fd5be3e34c",
      "foursquareCategoryIds" : [ "4bf58dd8d48988d16d941735" ],
      "location" : {
        "lat" : 52.26237918995247,
        "lon" : 20.99169731140137
      }
    },
    "activities" : [ {
      "activity" : "walking",
      "group" : "walking",
      "manual" : false,
      "startTime" : "20150103T121932+0100",
      "endTime" : "20150103T122202+0100",
      "duration" : 150.0,
      "distance" : 145.0,
      "steps" : 193,
      "calories" : 9,
      "trackPoints" : [ ]
    }, {
      "activity" : "walking",
      "group" : "walking",
      "manual" : false,
      "startTime" : "20150103T130411+0100",
      "endTime" : "20150103T131011+0100",
      "duration" : 360.0,
      "distance" : 389.0,
      "steps" : 519,
      "calories" : 23,
      "trackPoints" : [ ]
    } ],
    "lastUpdate" : "20150103T140030Z"
  }, {
    "type" : "move",
    "startTime" : "20150103T133421+0100",
    "endTime" : "20150103T134342+0100",
    "activities" : [ {
      "activity" : "transport",
      "group" : "transport",
      "manual" : false,
      "startTime" : "20150103T133421+0100",
      "endTime" : "20150103T133810+0100",
      "duration" : 229.0,
      "distance" : 1775.0,
      "trackPoints" : [ {
        "lat" : 52.2626412633,
        "lon" : 20.9919944962,
        "time" : "20150103T133421+0100"
      }, {
        "lat" : 52.2608586365,
        "lon" : 20.9941162627,
        "time" : "20150103T133458+0100"
      }, {
        "lat" : 52.2583558316,
        "lon" : 20.9955294441,
        "time" : "20150103T133525+0100"
      }, {
        "lat" : 52.2580942248,
        "lon" : 20.9958987638,
        "time" : "20150103T133541+0100"
      }, {
        "lat" : 52.257679823,
        "lon" : 20.9961816487,
        "time" : "20150103T133605+0100"
      }, {
        "lat" : 52.2568518615,
        "lon" : 20.9952256632,
        "time" : "20150103T133626+0100"
      }, {
        "lat" : 52.2511705044,
        "lon" : 20.9983223805,
        "time" : "20150103T133753+0100"
      }, {
        "lat" : 52.2498891398,
        "lon" : 20.9985020584,
        "time" : "20150103T133811+0100"
      } ]
    }, {
      "activity" : "walking",
      "group" : "walking",
      "manual" : false,
      "startTime" : "20150103T133811+0100",
      "endTime" : "20150103T134342+0100",
      "duration" : 331.0,
      "distance" : 421.0,
      "steps" : 531,
      "calories" : 25,
      "trackPoints" : [ {
        "lat" : 52.2498891398,
        "lon" : 20.9985020584,
        "time" : "20150103T133811+0100"
      }, {
        "lat" : 52.249446974,
        "lon" : 20.9983045666,
        "time" : "20150103T133843+0100"
      }, {
        "lat" : 52.2492384891,
        "lon" : 20.9979476662,
        "time" : "20150103T133906+0100"
      }, {
        "lat" : 52.2491409456,
        "lon" : 20.9975318622,
        "time" : "20150103T133936+0100"
      }, {
        "lat" : 52.2492121875,
        "lon" : 20.9972019216,
        "time" : "20150103T133952+0100"
      }, {
        "lat" : 52.2491350308,
        "lon" : 20.9966772854,
        "time" : "20150103T134011+0100"
      }, {
        "lat" : 52.2490907802,
        "lon" : 20.9960983076,
        "time" : "20150103T134037+0100"
      }, {
        "lat" : 52.2490815462,
        "lon" : 20.995699451,
        "time" : "20150103T134059+0100"
      }, {
        "lat" : 52.2491789289,
        "lon" : 20.9951624498,
        "time" : "20150103T134125+0100"
      }, {
        "lat" : 52.2492633777,
        "lon" : 20.9948551563,
        "time" : "20150103T134143+0100"
      }, {
        "lat" : 52.2494497061,
        "lon" : 20.9942636604,
        "time" : "20150103T134218+0100"
      }, {
        "lat" : 52.2492980023,
        "lon" : 20.9940867679,
        "time" : "20150103T134241+0100"
      }, {
        "lat" : 52.2491767595,
        "lon" : 20.9939022916,
        "time" : "20150103T134259+0100"
      }, {
        "lat" : 52.2491844235,
        "lon" : 20.9937559714,
        "time" : "20150103T134315+0100"
      }, {
        "lat" : 52.2491060127,
        "lon" : 20.993791877,
        "time" : "20150103T134342+0100"
      } ]
    } ],
    "lastUpdate" : "20150103T140020Z"
  }, {
    "type" : "place",
    "startTime" : "20150103T134342+0100",
    "endTime" : "20150103T151459+0100",
    "place" : {
      "id" : 134092411,
      "name" : "Muzeum Historii Żydów Polskich",
      "type" : "foursquare",
      "foursquareId" : "4ddf9a3c18388714bb6b7ec6",
      "foursquareCategoryIds" : [ "4bf58dd8d48988d190941735" ],
      "location" : {
        "lat" : 52.24910601274626,
        "lon" : 20.9937918769695
      }
    },
    "activities" : [ {
      "activity" : "walking",
      "group" : "walking",
      "manual" : false,
      "startTime" : "20150103T134541+0100",
      "endTime" : "20150103T134811+0100",
      "duration" : 150.0,
      "distance" : 168.0,
      "steps" : 224,
      "calories" : 10,
      "trackPoints" : [ ]
    }, {
      "activity" : "walking",
      "group" : "walking",
      "manual" : false,
      "startTime" : "20150103T141825+0100",
      "endTime" : "20150103T141855+0100",
      "duration" : 30.0,
      "distance" : 15.0,
      "steps" : 30,
      "calories" : 1,
      "trackPoints" : [ ]
    }, {
      "activity" : "walking",
      "group" : "walking",
      "manual" : false,
      "startTime" : "20150103T150304+0100",
      "endTime" : "20150103T150604+0100",
      "duration" : 180.0,
      "distance" : 183.0,
      "steps" : 244,
      "calories" : 11,
      "trackPoints" : [ ]
    } ],
    "lastUpdate" : "20150103T153335Z"
  }, {
    "type" : "move",
    "startTime" : "20150103T151459+0100",
    "endTime" : "20150103T153547+0100",
    "activities" : [ {
      "activity" : "walking",
      "group" : "walking",
      "manual" : false,
      "startTime" : "20150103T151459+0100",
      "endTime" : "20150103T151935+0100",
      "duration" : 276.0,
      "distance" : 474.0,
      "steps" : 572,
      "calories" : 29,
      "trackPoints" : [ {
        "lat" : 52.2491060127,
        "lon" : 20.993791877,
        "time" : "20150103T151459+0100"
      }, {
        "lat" : 52.249114618,
        "lon" : 20.993540079,
        "time" : "20150103T151530+0100"
      }, {
        "lat" : 52.2489567617,
        "lon" : 20.9930700268,
        "time" : "20150103T151551+0100"
      }, {
        "lat" : 52.2487462017,
        "lon" : 20.9927975447,
        "time" : "20150103T151608+0100"
      }, {
        "lat" : 52.248048749,
        "lon" : 20.9908292183,
        "time" : "20150103T151735+0100"
      }, {
        "lat" : 52.247883969,
        "lon" : 20.9902622305,
        "time" : "20150103T151758+0100"
      }, {
        "lat" : 52.247650043,
        "lon" : 20.9894126479,
        "time" : "20150103T151832+0100"
      }, {
        "lat" : 52.2475811587,
        "lon" : 20.9889590493,
        "time" : "20150103T151902+0100"
      }, {
        "lat" : 52.2472870607,
        "lon" : 20.9888401728,
        "time" : "20150103T151920+0100"
      }, {
        "lat" : 52.2470966916,
        "lon" : 20.989131152,
        "time" : "20150103T151935+0100"
      } ]
    }, {
      "activity" : "transport",
      "group" : "transport",
      "manual" : false,
      "startTime" : "20150103T151935+0100",
      "endTime" : "20150103T152435+0100",
      "duration" : 300.0,
      "distance" : 1139.0,
      "trackPoints" : [ {
        "lat" : 52.2470966916,
        "lon" : 20.989131152,
        "time" : "20150103T151935+0100"
      }, {
        "lat" : 52.2473230284,
        "lon" : 20.9888847984,
        "time" : "20150103T151951+0100"
      }, {
        "lat" : 52.2482739683,
        "lon" : 20.9880057218,
        "time" : "20150103T152014+0100"
      }, {
        "lat" : 52.2501040295,
        "lon" : 20.9864749128,
        "time" : "20150103T152031+0100"
      }, {
        "lat" : 52.250704277,
        "lon" : 20.9860540313,
        "time" : "20150103T152057+0100"
      }, {
        "lat" : 52.2507997769,
        "lon" : 20.9859542039,
        "time" : "20150103T152117+0100"
      }, {
        "lat" : 52.2507994968,
        "lon" : 20.9859523043,
        "time" : "20150103T152134+0100"
      }, {
        "lat" : 52.252640113,
        "lon" : 20.9844282661,
        "time" : "20150103T152208+0100"
      }, {
        "lat" : 52.25342124,
        "lon" : 20.9841097168,
        "time" : "20150103T152230+0100"
      }, {
        "lat" : 52.2540991497,
        "lon" : 20.98333558,
        "time" : "20150103T152252+0100"
      }, {
        "lat" : 52.2541027324,
        "lon" : 20.9833358797,
        "time" : "20150103T152315+0100"
      }, {
        "lat" : 52.2541608024,
        "lon" : 20.9832629263,
        "time" : "20150103T152334+0100"
      }, {
        "lat" : 52.254945935,
        "lon" : 20.9834367966,
        "time" : "20150103T152412+0100"
      }, {
        "lat" : 52.2551033166,
        "lon" : 20.9833770346,
        "time" : "20150103T152435+0100"
      } ]
    }, {
      "activity" : "walking",
      "group" : "walking",
      "manual" : false,
      "startTime" : "20150103T152435+0100",
      "endTime" : "20150103T153546+0100",
      "duration" : 671.0,
      "distance" : 882.0,
      "steps" : 735,
      "calories" : 53,
      "trackPoints" : [ {
        "lat" : 52.2551033166,
        "lon" : 20.9833770346,
        "time" : "20150103T152435+0100"
      }, {
        "lat" : 52.2552630635,
        "lon" : 20.9832641732,
        "time" : "20150103T152534+0100"
      }, {
        "lat" : 52.2555715734,
        "lon" : 20.9832209044,
        "time" : "20150103T152600+0100"
      }, {
        "lat" : 52.2560400336,
        "lon" : 20.9831308038,
        "time" : "20150103T152627+0100"
      }, {
        "lat" : 52.2561901709,
        "lon" : 20.9833479014,
        "time" : "20150103T152644+0100"
      }, {
        "lat" : 52.2562278221,
        "lon" : 20.9837923557,
        "time" : "20150103T152708+0100"
      }, {
        "lat" : 52.2562983024,
        "lon" : 20.9840433241,
        "time" : "20150103T152723+0100"
      }, {
        "lat" : 52.2563959538,
        "lon" : 20.9844619886,
        "time" : "20150103T152742+0100"
      }, {
        "lat" : 52.2564835654,
        "lon" : 20.9848125208,
        "time" : "20150103T152807+0100"
      }, {
        "lat" : 52.256548128,
        "lon" : 20.9850495591,
        "time" : "20150103T152838+0100"
      }, {
        "lat" : 52.2564244903,
        "lon" : 20.9846544948,
        "time" : "20150103T152908+0100"
      }, {
        "lat" : 52.2563258737,
        "lon" : 20.9843674671,
        "time" : "20150103T153008+0100"
      }, {
        "lat" : 52.2561328332,
        "lon" : 20.9838925758,
        "time" : "20150103T153036+0100"
      }, {
        "lat" : 52.2559660614,
        "lon" : 20.9836154205,
        "time" : "20150103T153053+0100"
      }, {
        "lat" : 52.2556671755,
        "lon" : 20.9833920588,
        "time" : "20150103T153119+0100"
      }, {
        "lat" : 52.2555521885,
        "lon" : 20.9834263103,
        "time" : "20150103T153136+0100"
      }, {
        "lat" : 52.2554798019,
        "lon" : 20.9834697243,
        "time" : "20150103T153159+0100"
      }, {
        "lat" : 52.2553972012,
        "lon" : 20.9833839933,
        "time" : "20150103T153222+0100"
      }, {
        "lat" : 52.2553126926,
        "lon" : 20.9828020232,
        "time" : "20150103T153303+0100"
      }, {
        "lat" : 52.255336401,
        "lon" : 20.9825047845,
        "time" : "20150103T153326+0100"
      }, {
        "lat" : 52.2554263522,
        "lon" : 20.9822202889,
        "time" : "20150103T153344+0100"
      }, {
        "lat" : 52.2556166307,
        "lon" : 20.9821108067,
        "time" : "20150103T153402+0100"
      }, {
        "lat" : 52.2557474623,
        "lon" : 20.9824729921,
        "time" : "20150103T153423+0100"
      }, {
        "lat" : 52.2559855145,
        "lon" : 20.9827396627,
        "time" : "20150103T153446+0100"
      }, {
        "lat" : 52.2629449641,
        "lon" : 20.9790323638,
        "time" : "20150103T153547+0100"
      } ]
    } ],
    "lastUpdate" : "20150103T153335Z"
  }, {
    "type" : "place",
    "startTime" : "20150103T153547+0100",
    "endTime" : "20150104T181008+0100",
    "place" : {
      "id" : 126764605,
      "name" : "Home",
      "type" : "home",
      "location" : {
        "lat" : 52.2629449641,
        "lon" : 20.9790323638
      }
    },
    "activities" : [ {
      "activity" : "walking",
      "group" : "walking",
      "manual" : false,
      "startTime" : "20150103T153606+0100",
      "endTime" : "20150103T154136+0100",
      "duration" : 330.0,
      "distance" : 390.0,
      "steps" : 520,
      "calories" : 23,
      "trackPoints" : [ ]
    }, {
      "activity" : "walking",
      "group" : "walking",
      "manual" : false,
      "startTime" : "20150103T160237+0100",
      "endTime" : "20150103T160707+0100",
      "duration" : 270.0,
      "distance" : 229.0,
      "steps" : 305,
      "calories" : 14,
      "trackPoints" : [ ]
    }, {
      "activity" : "walking",
      "group" : "walking",
      "manual" : false,
      "startTime" : "20150103T200651+0100",
      "endTime" : "20150103T200751+0100",
      "duration" : 60.0,
      "distance" : 30.0,
      "steps" : 50,
      "calories" : 2,
      "trackPoints" : [ ]
    }, {
      "activity" : "walking",
      "group" : "walking",
      "manual" : false,
      "startTime" : "20150103T211813+0100",
      "endTime" : "20150103T212143+0100",
      "duration" : 210.0,
      "distance" : 168.0,
      "steps" : 224,
      "calories" : 10,
      "trackPoints" : [ ]
    }, {
      "activity" : "walking",
      "group" : "walking",
      "manual" : false,
      "startTime" : "20150103T220425+0100",
      "endTime" : "20150103T220555+0100",
      "duration" : 90.0,
      "distance" : 50.0,
      "steps" : 101,
      "calories" : 3,
      "trackPoints" : [ ]
    }, {
      "activity" : "walking",
      "group" : "walking",
      "manual" : false,
      "startTime" : "20150103T233201+0100",
      "endTime" : "20150103T233701+0100",
      "duration" : 300.0,
      "distance" : 313.0,
      "steps" : 418,
      "calories" : 19,
      "trackPoints" : [ ]
    } ],
    "lastUpdate" : "20150104T190246Z"
  } ],
  "caloriesIdle" : 1735,
  "lastUpdate" : "20150104T190246Z"
} ]